Sno,Date,Country/Region,Province/State,Confirmed
1,30-01-2020,India,Kerala,1
2,31-01-2020,India,Kerala,1
3,01-02-2020,India,Kerala,2
4,02-02-2020,India,Kerala,3
5,03-02-2020,India,Kerala,3
6,04-02-2020,India,Kerala,3
7,05-02-2020,India,Kerala,3
8,06-02-2020,India,Kerala,3
9,07-02-2020,India,Kerala,3
10,08-02-2020,India,Kerala,3
11,09-02-2020,India,Kerala,3
12,10-02-2020,India,Kerala,3
13,11-02-2020,India,Kerala,3
14,12-02-2020,India,Kerala,3
15,13-02-2020,India,Kerala,3
16,14-02-2020,India,Kerala,3
17,15-02-2020,India,Kerala,3
18,16-02-2020,India,Kerala,3
19,17-02-2020,India,Kerala,3
20,18-02-2020,India,Kerala,3
21,19-02-2020,India,Kerala,3
22,20-02-2020,India,Kerala,3
23,21-02-2020,India,Kerala,3
24,22-02-2020,India,Kerala,3
25,23-02-2020,India,Kerala,3
26,24-02-2020,India,Kerala,3
27,25-02-2020,India,Kerala,3
28,26-02-2020,India,Kerala,3
29,27-02-2020,India,Kerala,3
30,28-02-2020,India,Kerala,3
31,29-02-2020,India,Kerala,3
32,01-03-2020,India,Kerala,3
33,02-03-2020,India,Telengana,1
34,02-03-2020,India,Kerala,3
35,02-03-2020,India,Delhi,1
36,03-03-2020,India,Telengana,1
37,03-03-2020,India,Rajasthan,1
38,03-03-2020,India,Kerala,3
39,03-03-2020,India,Delhi,1
40,04-03-2020,India,Uttar Pradesh,6
41,04-03-2020,India,Kerala,3
42,04-03-2020,India,Haryana,2
43,04-03-2020,India,Delhi,1
44,04-03-2020,India,Telengana,1
45,04-03-2020,India,Rajasthan,15
46,05-03-2020,India,Delhi,2
47,05-03-2020,India,Haryana,2
48,05-03-2020,India,Kerala,3
49,05-03-2020,India,Rajasthan,15
50,05-03-2020,India,Telengana,1
51,05-03-2020,India,Uttar Pradesh,7
52,06-03-2020,India,Delhi,3
53,06-03-2020,India,Haryana,2
54,06-03-2020,India,Kerala,3
55,06-03-2020,India,Rajasthan,15
56,06-03-2020,India,Uttar Pradesh,7
57,06-03-2020,India,Telengana,1
58,07-03-2020,India,Kerala,3
59,07-03-2020,India,Uttar Pradesh,7
60,07-03-2020,India,Ladakh,2
61,07-03-2020,India,Telengana,1
62,07-03-2020,India,Tamil Nadu,1
63,07-03-2020,India,Delhi,3
64,07-03-2020,India,Haryana,2
65,07-03-2020,India,Rajasthan,15
66,08-03-2020,India,Ladakh,2
67,08-03-2020,India,Telengana,1
68,08-03-2020,India,Tamil Nadu,1
69,08-03-2020,India,Rajasthan,15
70,08-03-2020,India,Kerala,8
71,08-03-2020,India,Haryana,2
72,08-03-2020,India,Delhi,3
73,08-03-2020,India,Uttar Pradesh,7
74,09-03-2020,India,Ladakh,2
75,09-03-2020,India,Karnataka,1
76,09-03-2020,India,Kerala,9
77,09-03-2020,India,Maharashtra,2
78,09-03-2020,India,Punjab,1
79,09-03-2020,India,Rajasthan,15
80,09-03-2020,India,Tamil Nadu,1
81,09-03-2020,India,Telengana,1
82,09-03-2020,India,Jammu and Kashmir,1
83,09-03-2020,India,Uttar Pradesh,7
84,09-03-2020,India,Haryana,2
85,09-03-2020,India,Delhi,4
86,10-03-2020,India,Uttar Pradesh,7
87,10-03-2020,India,Ladakh,2
88,10-03-2020,India,Delhi,4
89,10-03-2020,India,Haryana,2
90,10-03-2020,India,Karnataka,4
91,10-03-2020,India,Kerala,15
92,10-03-2020,India,Maharashtra,5
93,10-03-2020,India,Punjab,1
94,10-03-2020,India,Rajasthan,15
95,10-03-2020,India,Tamil Nadu,1
96,10-03-2020,India,Telengana,1
97,10-03-2020,India,Jammu and Kashmir,1
98,11-03-2020,India,Maharashtra,2
99,11-03-2020,India,Delhi,5
100,11-03-2020,India,Haryana,14
101,11-03-2020,India,Kerala,17
102,11-03-2020,India,Rajasthan,3
103,11-03-2020,India,Telengana,1
104,11-03-2020,India,Uttar Pradesh,9
105,11-03-2020,India,Ladakh,2
106,11-03-2020,India,Tamil Nadu,1
107,11-03-2020,India,Jammu and Kashmir,1
108,11-03-2020,India,Punjab,1
109,11-03-2020,India,Karnataka,4
110,12-03-2020,India,Delhi,6
111,12-03-2020,India,Haryana,14
112,12-03-2020,India,Kerala,17
113,12-03-2020,India,Rajasthan,3
114,12-03-2020,India,Telengana,1
115,12-03-2020,India,Uttar Pradesh,11
116,12-03-2020,India,Ladakh,3
117,12-03-2020,India,Tamil Nadu,1
118,12-03-2020,India,Jammu and Kashmir,1
119,12-03-2020,India,Punjab,1
120,12-03-2020,India,Karnataka,4
121,12-03-2020,India,Maharashtra,11
122,12-03-2020,India,Andhra Pradesh,1
123,13-03-2020,India,Delhi,6
124,13-03-2020,India,Haryana,14
125,13-03-2020,India,Kerala,19
126,13-03-2020,India,Rajasthan,3
127,13-03-2020,India,Telengana,1
128,13-03-2020,India,Uttar Pradesh,11
129,13-03-2020,India,Ladakh,3
130,13-03-2020,India,Tamil Nadu,1
131,13-03-2020,India,Jammu and Kashmir,1
132,13-03-2020,India,Punjab,1
133,13-03-2020,India,Karnataka,6
134,13-03-2020,India,Maharashtra,14
135,13-03-2020,India,Andhra Pradesh,1
136,14-03-2020,India,Delhi,7
137,14-03-2020,India,Haryana,14
138,14-03-2020,India,Kerala,19
139,14-03-2020,India,Rajasthan,3
140,14-03-2020,India,Telengana,1
141,14-03-2020,India,Uttar Pradesh,12
142,14-03-2020,India,Ladakh,3
143,14-03-2020,India,Tamil Nadu,1
144,14-03-2020,India,Jammu and Kashmir,2
145,14-03-2020,India,Punjab,1
146,14-03-2020,India,Karnataka,6
147,14-03-2020,India,Maharashtra,14
148,14-03-2020,India,Andhra Pradesh,1
149,15-03-2020,India,Andhra Pradesh,1
150,15-03-2020,India,Delhi,7
151,15-03-2020,India,Haryana,14
152,15-03-2020,India,Karnataka,6
153,15-03-2020,India,Kerala,22
154,15-03-2020,India,Maharashtra,32
155,15-03-2020,India,Punjab,1
156,15-03-2020,India,Rajasthan,4
157,15-03-2020,India,Tamil Nadu,1
158,15-03-2020,India,Telengana,3
159,15-03-2020,India,Jammu and Kashmir,2
160,15-03-2020,India,Ladakh,3
161,15-03-2020,India,Uttar Pradesh,13
162,15-03-2020,India,Uttarakhand,1
163,16-03-2020,India,Andhra Pradesh,1
164,16-03-2020,India,Delhi,7
165,16-03-2020,India,Haryana,14
166,16-03-2020,India,Karnataka,6
167,16-03-2020,India,Kerala,23
168,16-03-2020,India,Maharashtra,32
169,16-03-2020,India,Odisha,1
170,16-03-2020,India,Punjab,1
171,16-03-2020,India,Rajasthan,4
172,16-03-2020,India,Tamil Nadu,1
173,16-03-2020,India,Telengana,3
174,16-03-2020,India,Jammu and Kashmir,3
175,16-03-2020,India,Ladakh,4
176,16-03-2020,India,Uttar Pradesh,13
177,16-03-2020,India,Uttarakhand,1
178,17-03-2020,India,Andhra Pradesh,1
179,17-03-2020,India,Delhi,8
180,17-03-2020,India,Haryana,15
181,17-03-2020,India,Karnataka,11
182,17-03-2020,India,Kerala,26
183,17-03-2020,India,Maharashtra,39
184,17-03-2020,India,Odisha,1
185,17-03-2020,India,Punjab,1
186,17-03-2020,India,Rajasthan,4
187,17-03-2020,India,Tamil Nadu,1
188,17-03-2020,India,Telengana,5
189,17-03-2020,India,Jammu and Kashmir,3
190,17-03-2020,India,Ladakh,6
191,17-03-2020,India,Uttar Pradesh,15
192,17-03-2020,India,Uttarakhand,1
193,18-03-2020,India,Andhra Pradesh,1
194,18-03-2020,India,Delhi,10
195,18-03-2020,India,Haryana,17
196,18-03-2020,India,Karnataka,11
197,18-03-2020,India,Kerala,27
198,18-03-2020,India,Maharashtra,42
199,18-03-2020,India,Odisha,1
200,18-03-2020,India,Puducherry,1
201,18-03-2020,India,Punjab,1
202,18-03-2020,India,Rajasthan,4
203,18-03-2020,India,Tamil Nadu,1
204,18-03-2020,India,Telengana,6
205,18-03-2020,India,Jammu and Kashmir,3
206,18-03-2020,India,Ladakh,8
207,18-03-2020,India,Uttar Pradesh,16
208,18-03-2020,India,Uttarakhand,1
209,18-03-2020,India,West Bengal,1
210,19-03-2020,India,Andhra Pradesh,2
211,19-03-2020,India,Chhattisgarh,1
212,19-03-2020,India,Delhi,12
213,19-03-2020,India,Haryana,17
214,19-03-2020,India,Karnataka,14
215,19-03-2020,India,Kerala,27
216,19-03-2020,India,Maharashtra,47
217,19-03-2020,India,Odisha,1
218,19-03-2020,India,Puducherry,1
219,19-03-2020,India,Punjab,2
220,19-03-2020,India,Rajasthan,7
221,19-03-2020,India,Tamil Nadu,2
222,19-03-2020,India,Telengana,6
223,19-03-2020,India,Chandigarh,1
224,19-03-2020,India,Jammu and Kashmir,4
225,19-03-2020,India,Ladakh,8
226,19-03-2020,India,Uttar Pradesh,19
227,19-03-2020,India,Uttarakhand,1
228,19-03-2020,India,West Bengal,1
229,20-03-2020,India,Andhra Pradesh,3
230,20-03-2020,India,Chhattisgarh,1
231,20-03-2020,India,Delhi,17
232,20-03-2020,India,Gujarat,5
233,20-03-2020,India,Haryana,17
234,20-03-2020,India,Karnataka,15
235,20-03-2020,India,Kerala,28
236,20-03-2020,India,Maharashtra,52
237,20-03-2020,India,Odisha,2
238,20-03-2020,India,Puducherry,1
239,20-03-2020,India,Punjab,2
240,20-03-2020,India,Rajasthan,17
241,20-03-2020,India,Tamil Nadu,3
242,20-03-2020,India,Telengana,17
243,20-03-2020,India,Chandigarh,1
244,20-03-2020,India,Jammu and Kashmir,4
245,20-03-2020,India,Ladakh,10
246,20-03-2020,India,Uttar Pradesh,23
247,20-03-2020,India,Uttarakhand,3
248,20-03-2020,India,West Bengal,2
249,21-03-2020,India,Andhra Pradesh,3
250,21-03-2020,India,Chhattisgarh,1
251,21-03-2020,India,Delhi,26
252,21-03-2020,India,Gujarat,7
253,21-03-2020,India,Haryana,17
254,21-03-2020,India,Himachal Pradesh,2
255,21-03-2020,India,Karnataka,15
256,21-03-2020,India,Kerala,40
257,21-03-2020,India,Madhya Pradesh,4
258,21-03-2020,India,Maharashtra,63
259,21-03-2020,India,Odisha,2
260,21-03-2020,India,Puducherry,1
261,21-03-2020,India,Punjab,13
262,21-03-2020,India,Rajasthan,17
263,21-03-2020,India,Tamil Nadu,3
264,21-03-2020,India,Telengana,21
265,21-03-2020,India,Chandigarh,1
266,21-03-2020,India,Jammu and Kashmir,4
267,21-03-2020,India,Ladakh,13
268,21-03-2020,India,Uttar Pradesh,24
269,21-03-2020,India,Uttarakhand,3
270,21-03-2020,India,West Bengal,3
271,22-03-2020,India,Andhra Pradesh,5
272,22-03-2020,India,Bihar,2
273,22-03-2020,India,Chhattisgarh,1
274,22-03-2020,India,Delhi,29
275,22-03-2020,India,Gujarat,18
276,22-03-2020,India,Haryana,21
277,22-03-2020,India,Himachal Pradesh,2
278,22-03-2020,India,Karnataka,26
279,22-03-2020,India,Kerala,52
280,22-03-2020,India,Madhya Pradesh,4
281,22-03-2020,India,Maharashtra,67
282,22-03-2020,India,Odisha,2
283,22-03-2020,India,Puducherry,1
284,22-03-2020,India,Punjab,21
285,22-03-2020,India,Rajasthan,24
286,22-03-2020,India,Tamil Nadu,7
287,22-03-2020,India,Telengana,22
288,22-03-2020,India,Chandigarh,5
289,22-03-2020,India,Jammu and Kashmir,4
290,22-03-2020,India,Ladakh,13
291,22-03-2020,India,Uttar Pradesh,27
292,22-03-2020,India,Uttarakhand,3
293,22-03-2020,India,West Bengal,4
294,23-03-2020,India,Andhra Pradesh,7
295,23-03-2020,India,Bihar,2
296,23-03-2020,India,Chhattisgarh,1
297,23-03-2020,India,Delhi,29
298,23-03-2020,India,Gujarat,29
299,23-03-2020,India,Haryana,26
300,23-03-2020,India,Himachal Pradesh,2
301,23-03-2020,India,Karnataka,33
302,23-03-2020,India,Kerala,67
303,23-03-2020,India,Madhya Pradesh,6
304,23-03-2020,India,Maharashtra,74
305,23-03-2020,India,Odisha,2
306,23-03-2020,India,Puducherry,1
307,23-03-2020,India,Punjab,21
308,23-03-2020,India,Rajasthan,28
309,23-03-2020,India,Tamil Nadu,9
310,23-03-2020,India,Telengana,32
311,23-03-2020,India,Chandigarh,6
312,23-03-2020,India,Jammu and Kashmir,4
313,23-03-2020,India,Ladakh,13
314,23-03-2020,India,Uttar Pradesh,31
315,23-03-2020,India,Uttarakhand,3
316,23-03-2020,India,West Bengal,7
317,24-03-2020,India,Andhra Pradesh,8
318,24-03-2020,India,Bihar,3
319,24-03-2020,India,Chhattisgarh,1
320,24-03-2020,India,Delhi,30
321,24-03-2020,India,Gujarat,33
322,24-03-2020,India,Haryana,28
323,24-03-2020,India,Himachal Pradesh,3
324,24-03-2020,India,Karnataka,37
325,24-03-2020,India,Kerala,95
326,24-03-2020,India,Madhya Pradesh,7
327,24-03-2020,India,Maharashtra,89
328,24-03-2020,India,Manipur,1
329,24-03-2020,India,Odisha,2
330,24-03-2020,India,Puducherry,1
331,24-03-2020,India,Punjab,29
332,24-03-2020,India,Rajasthan,32
333,24-03-2020,India,Tamil Nadu,15
334,24-03-2020,India,Telengana,35
335,24-03-2020,India,Chandigarh,7
336,24-03-2020,India,Jammu and Kashmir,4
337,24-03-2020,India,Ladakh,13
338,24-03-2020,India,Uttar Pradesh,33
339,24-03-2020,India,Uttarakhand,4
340,24-03-2020,India,West Bengal,9
341,25-03-2020,India,Andhra Pradesh,9
342,25-03-2020,India,Bihar,4
343,25-03-2020,India,Chhattisgarh,1
344,25-03-2020,India,Delhi,31
345,25-03-2020,India,Gujarat,38
346,25-03-2020,India,Haryana,28
347,25-03-2020,India,Himachal Pradesh,3
348,25-03-2020,India,Karnataka,41
349,25-03-2020,India,Kerala,109
350,25-03-2020,India,Madhya Pradesh,14
351,25-03-2020,India,Maharashtra,128
352,25-03-2020,India,Manipur,1
353,25-03-2020,India,Mizoram,1
354,25-03-2020,India,Odisha,2
355,25-03-2020,India,Puducherry,1
356,25-03-2020,India,Punjab,29
357,25-03-2020,India,Rajasthan,36
358,25-03-2020,India,Tamil Nadu,18
359,25-03-2020,India,Telengana,35
360,25-03-2020,India,Chandigarh,7
361,25-03-2020,India,Jammu and Kashmir,7
362,25-03-2020,India,Ladakh,13
363,25-03-2020,India,Uttar Pradesh,37
364,25-03-2020,India,Uttarakhand,4
365,25-03-2020,India,West Bengal,9
366,26-03-2020,India,Andaman and Nicobar Islands,1
367,26-03-2020,India,Andhra Pradesh,11
368,26-03-2020,India,Bihar,6
369,26-03-2020,India,Chandigarh,7
370,26-03-2020,India,Chhattisgarh,6
371,26-03-2020,India,Delhi,36
372,26-03-2020,India,Goa,3
373,26-03-2020,India,Gujarat,43
374,26-03-2020,India,Haryana,30
375,26-03-2020,India,Himachal Pradesh,3
376,26-03-2020,India,Jammu and Kashmir,13
377,26-03-2020,India,Karnataka,55
378,26-03-2020,India,Kerala,118
379,26-03-2020,India,Ladakh,13
380,26-03-2020,India,Madhya Pradesh,20
381,26-03-2020,India,Maharashtra,124
382,26-03-2020,India,Manipur,1
383,26-03-2020,India,Mizoram,1
384,26-03-2020,India,Odisha,2
385,26-03-2020,India,Puducherry,1
386,26-03-2020,India,Punjab,33
387,26-03-2020,India,Rajasthan,41
388,26-03-2020,India,Tamil Nadu,26
389,26-03-2020,India,Telengana,44
390,26-03-2020,India,Uttarakhand,5
391,26-03-2020,India,Uttar Pradesh,41
392,26-03-2020,India,West Bengal,10
393,27-03-2020,India,Andaman and Nicobar Islands,1
394,27-03-2020,India,Andhra Pradesh,12
395,27-03-2020,India,Bihar,6
396,27-03-2020,India,Chandigarh,7
397,27-03-2020,India,Chhattisgarh,6
398,27-03-2020,India,Delhi,36
399,27-03-2020,India,Goa,3
400,27-03-2020,India,Gujarat,43
401,27-03-2020,India,Haryana,30
402,27-03-2020,India,Himachal Pradesh,3
403,27-03-2020,India,Jammu and Kashmir,13
404,27-03-2020,India,Karnataka,55
405,27-03-2020,India,Kerala,137
406,27-03-2020,India,Ladakh,13
407,27-03-2020,India,Madhya Pradesh,20
408,27-03-2020,India,Maharashtra,130
409,27-03-2020,India,Manipur,1
410,27-03-2020,India,Mizoram,1
411,27-03-2020,India,Odisha,2
412,27-03-2020,India,Puducherry,1
413,27-03-2020,India,Punjab,33
414,27-03-2020,India,Rajasthan,41
415,27-03-2020,India,Tamil Nadu,29
416,27-03-2020,India,Telengana,45
417,27-03-2020,India,Uttarakhand,5
418,27-03-2020,India,Uttar Pradesh,41
419,27-03-2020,India,West Bengal,10
420,28-03-2020,India,Andhra Pradesh,14
421,28-03-2020,India,Andaman and Nicobar Islands,6
422,28-03-2020,India,Bihar,9
423,28-03-2020,India,Chandigarh,8
424,28-03-2020,India,Chhattisgarh,6
425,28-03-2020,India,Delhi,39
426,28-03-2020,India,Goa,3
427,28-03-2020,India,Gujarat,45
428,28-03-2020,India,Haryana,33
429,28-03-2020,India,Himachal Pradesh,3
430,28-03-2020,India,Jammu and Kashmir,20
431,28-03-2020,India,Karnataka,55
432,28-03-2020,India,Kerala,176
433,28-03-2020,India,Ladakh,13
434,28-03-2020,India,Madhya Pradesh,30
435,28-03-2020,India,Maharashtra,180
436,28-03-2020,India,Manipur,1
437,28-03-2020,India,Mizoram,1
438,28-03-2020,India,Odisha,3
439,28-03-2020,India,Puducherry,1
440,28-03-2020,India,Punjab,38
441,28-03-2020,India,Rajasthan,54
442,28-03-2020,India,Tamil Nadu,40
443,28-03-2020,India,Telengana,56
444,28-03-2020,India,Uttarakhand,5
445,28-03-2020,India,Uttar Pradesh,55
446,28-03-2020,India,West Bengal,15
447,29-03-2020,India,Andhra Pradesh,19
448,29-03-2020,India,Andaman and Nicobar Islands,9
449,29-03-2020,India,Bihar,11
450,29-03-2020,India,Chandigarh,8
451,29-03-2020,India,Chhattisgarh,7
452,29-03-2020,India,Delhi,49
453,29-03-2020,India,Goa,5
454,29-03-2020,India,Gujarat,58
455,29-03-2020,India,Haryana,33
456,29-03-2020,India,Himachal Pradesh,3
457,29-03-2020,India,Jammu and Kashmir,31
458,29-03-2020,India,Karnataka,76
459,29-03-2020,India,Kerala,182
460,29-03-2020,India,Ladakh,13
461,29-03-2020,India,Madhya Pradesh,30
462,29-03-2020,India,Maharashtra,186
463,29-03-2020,India,Manipur,1
464,29-03-2020,India,Mizoram,1
465,29-03-2020,India,Odisha,3
466,29-03-2020,India,Puducherry,1
467,29-03-2020,India,Punjab,38
468,29-03-2020,India,Rajasthan,55
469,29-03-2020,India,Tamil Nadu,49
470,29-03-2020,India,Telengana,66
471,29-03-2020,India,Uttarakhand,7
472,29-03-2020,India,Uttar Pradesh,65
473,29-03-2020,India,West Bengal,18
474,30-03-2020,India,Andhra Pradesh,23
475,30-03-2020,India,Andaman and Nicobar Islands,9
476,30-03-2020,India,Bihar,15
477,30-03-2020,India,Chandigarh,8
478,30-03-2020,India,Chhattisgarh,7
479,30-03-2020,India,Delhi,87
480,30-03-2020,India,Goa,5
481,30-03-2020,India,Gujarat,69
482,30-03-2020,India,Haryana,36
483,30-03-2020,India,Himachal Pradesh,3
484,30-03-2020,India,Jammu and Kashmir,48
485,30-03-2020,India,Karnataka,83
486,30-03-2020,India,Kerala,202
487,30-03-2020,India,Ladakh,13
488,30-03-2020,India,Madhya Pradesh,47
489,30-03-2020,India,Maharashtra,198
490,30-03-2020,India,Manipur,1
491,30-03-2020,India,Mizoram,1
492,30-03-2020,India,Odisha,3
493,30-03-2020,India,Puducherry,1
494,30-03-2020,India,Punjab,38
495,30-03-2020,India,Rajasthan,59
496,30-03-2020,India,Tamil Nadu,67
497,30-03-2020,India,Telengana,71
498,30-03-2020,India,Uttarakhand,7
499,30-03-2020,India,Uttar Pradesh,82
500,30-03-2020,India,West Bengal,22
501,30-03-2020,India,Unassigned,46
502,31-03-2020,India,Andhra Pradesh,40
503,31-03-2020,India,Andaman and Nicobar Islands,10
504,31-03-2020,India,Bihar,15
505,31-03-2020,India,Chandigarh,13
506,31-03-2020,India,Chhattisgarh,8
507,31-03-2020,India,Delhi,97
508,31-03-2020,India,Goa,5
509,31-03-2020,India,Gujarat,73
510,31-03-2020,India,Haryana,40
511,31-03-2020,India,Himachal Pradesh,3
512,31-03-2020,India,Jammu and Kashmir,54
513,31-03-2020,India,Karnataka,83
514,31-03-2020,India,Kerala,234
515,31-03-2020,India,Ladakh,13
516,31-03-2020,India,Madhya Pradesh,47
517,31-03-2020,India,Maharashtra,216
518,31-03-2020,India,Manipur,1
519,31-03-2020,India,Mizoram,1
520,31-03-2020,India,Odisha,3
521,31-03-2020,India,Puducherry,1
522,31-03-2020,India,Punjab,41
523,31-03-2020,India,Rajasthan,74
524,31-03-2020,India,Tamil Nadu,74
525,31-03-2020,India,Telengana,79
526,31-03-2020,India,Uttarakhand,7
527,31-03-2020,India,Uttar Pradesh,101
528,31-03-2020,India,West Bengal,26
529,31-03-2020,India,Unassigned,38
530,01-04-2020,India,Andhra Pradesh,83
531,01-04-2020,India,Andaman and Nicobar Islands,10
532,01-04-2020,India,Assam,1
533,01-04-2020,India,Bihar,23
534,01-04-2020,India,Chandigarh,16
535,01-04-2020,India,Chhattisgarh,9
536,01-04-2020,India,Delhi,152
537,01-04-2020,India,Goa,5
538,01-04-2020,India,Gujarat,82
539,01-04-2020,India,Haryana,43
540,01-04-2020,India,Himachal Pradesh,3
541,01-04-2020,India,Jammu and Kashmir,62
542,01-04-2020,India,Jharkhand,1
543,01-04-2020,India,Karnataka,101
544,01-04-2020,India,Kerala,241
545,01-04-2020,India,Ladakh,13
546,01-04-2020,India,Madhya Pradesh,66
547,01-04-2020,India,Maharashtra,302
548,01-04-2020,India,Manipur,1
549,01-04-2020,India,Mizoram,1
550,01-04-2020,India,Odisha,4
551,01-04-2020,India,Puducherry,3
552,01-04-2020,India,Punjab,42
553,01-04-2020,India,Rajasthan,93
554,01-04-2020,India,Tamil Nadu,234
555,01-04-2020,India,Telengana,96
556,01-04-2020,India,Uttarakhand,7
557,01-04-2020,India,Uttar Pradesh,103
558,01-04-2020,India,West Bengal,37
559,02-04-2020,India,Andhra Pradesh,86
560,02-04-2020,India,Andaman and Nicobar Islands,10
561,02-04-2020,India,Assam,5
562,02-04-2020,India,Bihar,24
563,02-04-2020,India,Chandigarh,16
564,02-04-2020,India,Chhattisgarh,9
565,02-04-2020,India,Delhi,219
566,02-04-2020,India,Goa,5
567,02-04-2020,India,Gujarat,87
568,02-04-2020,India,Haryana,43
569,02-04-2020,India,Himachal Pradesh,3
570,02-04-2020,India,Jammu and Kashmir,62
571,02-04-2020,India,Jharkhand,1
572,02-04-2020,India,Karnataka,110
573,02-04-2020,India,Kerala,265
574,02-04-2020,India,Ladakh,13
575,02-04-2020,India,Madhya Pradesh,99
576,02-04-2020,India,Maharashtra,335
577,02-04-2020,India,Manipur,1
578,02-04-2020,India,Mizoram,1
579,02-04-2020,India,Odisha,4
580,02-04-2020,India,Puducherry,3
581,02-04-2020,India,Punjab,46
582,02-04-2020,India,Rajasthan,108
583,02-04-2020,India,Tamil Nadu,234
584,02-04-2020,India,Telengana,107
585,02-04-2020,India,Uttarakhand,7
586,02-04-2020,India,Uttar Pradesh,113
587,02-04-2020,India,West Bengal,53
588,03-04-2020,India,Andhra Pradesh,132
589,03-04-2020,India,Andaman and Nicobar Islands,10
590,03-04-2020,India,Arunachal Pradesh,1
591,03-04-2020,India,Assam,16
592,03-04-2020,India,Bihar,29
593,03-04-2020,India,Chandigarh,18
594,03-04-2020,India,Chhattisgarh,9
595,03-04-2020,India,Delhi,219
596,03-04-2020,India,Goa,6
597,03-04-2020,India,Gujarat,95
598,03-04-2020,India,Haryana,49
599,03-04-2020,India,Himachal Pradesh,6
600,03-04-2020,India,Jammu and Kashmir,75
601,03-04-2020,India,Jharkhand,2
602,03-04-2020,India,Karnataka,124
603,03-04-2020,India,Kerala,286
604,03-04-2020,India,Ladakh,14
605,03-04-2020,India,Madhya Pradesh,104
606,03-04-2020,India,Maharashtra,335
607,03-04-2020,India,Manipur,2
608,03-04-2020,India,Mizoram,1
609,03-04-2020,India,Odisha,5
610,03-04-2020,India,Puducherry,5
611,03-04-2020,India,Punjab,48
612,03-04-2020,India,Rajasthan,167
613,03-04-2020,India,Tamil Nadu,309
614,03-04-2020,India,Telengana,158
615,03-04-2020,India,Uttarakhand,10
616,03-04-2020,India,Uttar Pradesh,172
617,03-04-2020,India,West Bengal,63
618,03-04-2020,India,Unassigned,77
619,04-04-2020,India,Andhra Pradesh,161
620,04-04-2020,India,Andaman and Nicobar Islands,10
621,04-04-2020,India,Arunachal Pradesh,1
622,04-04-2020,India,Assam,24
623,04-04-2020,India,Bihar,30
624,04-04-2020,India,Chandigarh,18
625,04-04-2020,India,Chhattisgarh,9
626,04-04-2020,India,Delhi,445
627,04-04-2020,India,Goa,7
628,04-04-2020,India,Gujarat,105
629,04-04-2020,India,Haryana,49
630,04-04-2020,India,Himachal Pradesh,6
631,04-04-2020,India,Jammu and Kashmir,75
632,04-04-2020,India,Jharkhand,2
633,04-04-2020,India,Karnataka,128
634,04-04-2020,India,Kerala,295
635,04-04-2020,India,Ladakh,14
636,04-04-2020,India,Madhya Pradesh,104
637,04-04-2020,India,Maharashtra,490
638,04-04-2020,India,Manipur,2
639,04-04-2020,India,Mizoram,1
640,04-04-2020,India,Odisha,5
641,04-04-2020,India,Puducherry,5
642,04-04-2020,India,Punjab,57
643,04-04-2020,India,Rajasthan,200
644,04-04-2020,India,Tamil Nadu,411
645,04-04-2020,India,Telengana,159
646,04-04-2020,India,Uttarakhand,16
647,04-04-2020,India,Uttar Pradesh,174
648,04-04-2020,India,West Bengal,69
649,05-04-2020,India,Andhra Pradesh,190
650,05-04-2020,India,Andaman and Nicobar Islands,10
651,05-04-2020,India,Arunachal Pradesh,1
652,05-04-2020,India,Assam,26
653,05-04-2020,India,Bihar,30
654,05-04-2020,India,Chandigarh,18
655,05-04-2020,India,Chhattisgarh,9
656,05-04-2020,India,Delhi,503
657,05-04-2020,India,Goa,7
658,05-04-2020,India,Gujarat,122
659,05-04-2020,India,Haryana,59
660,05-04-2020,India,Himachal Pradesh,6
661,05-04-2020,India,Jammu and Kashmir,106
662,05-04-2020,India,Jharkhand,3
663,05-04-2020,India,Karnataka,144
664,05-04-2020,India,Kerala,306
665,05-04-2020,India,Ladakh,14
666,05-04-2020,India,Madhya Pradesh,165
667,05-04-2020,India,Maharashtra,490
668,05-04-2020,India,Manipur,2
669,05-04-2020,India,Mizoram,1
670,05-04-2020,India,Odisha,20
671,05-04-2020,India,Puducherry,5
672,05-04-2020,India,Punjab,57
673,05-04-2020,India,Rajasthan,200
674,05-04-2020,India,Tamil Nadu,485
675,05-04-2020,India,Telengana,269
676,05-04-2020,India,Uttarakhand,22
677,05-04-2020,India,Uttar Pradesh,227
678,05-04-2020,India,West Bengal,80
679,06-04-2020,India,Andhra Pradesh,226
680,06-04-2020,India,Andaman and Nicobar Islands,10
681,06-04-2020,India,Arunachal Pradesh,1
682,06-04-2020,India,Assam,26
683,06-04-2020,India,Bihar,32
684,06-04-2020,India,Chandigarh,18
685,06-04-2020,India,Chhattisgarh,10
686,06-04-2020,India,Delhi,523
687,06-04-2020,India,Goa,7
688,06-04-2020,India,Gujarat,144
689,06-04-2020,India,Haryana,84
690,06-04-2020,India,Himachal Pradesh,13
691,06-04-2020,India,Jammu and Kashmir,109
692,06-04-2020,India,Jharkhand,4
693,06-04-2020,India,Karnataka,151
694,06-04-2020,India,Kerala,314
695,06-04-2020,India,Ladakh,14
696,06-04-2020,India,Madhya Pradesh,165
697,06-04-2020,India,Maharashtra,748
698,06-04-2020,India,Manipur,2
699,06-04-2020,India,Mizoram,1
700,06-04-2020,India,Odisha,21
701,06-04-2020,India,Puducherry,5
702,06-04-2020,India,Punjab,76
703,06-04-2020,India,Rajasthan,274
704,06-04-2020,India,Tamil Nadu,571
705,06-04-2020,India,Telengana,321
706,06-04-2020,India,Uttarakhand,26
707,06-04-2020,India,Uttar Pradesh,305
708,06-04-2020,India,West Bengal,80
709,07-04-2020,India,Andhra Pradesh,266
710,07-04-2020,India,Andaman and Nicobar Islands,10
711,07-04-2020,India,Arunachal Pradesh,1
712,07-04-2020,India,Assam,26
713,07-04-2020,India,Bihar,32
714,07-04-2020,India,Chandigarh,18
715,07-04-2020,India,Chhattisgarh,10
716,07-04-2020,India,Delhi,576
717,07-04-2020,India,Goa,7
718,07-04-2020,India,Gujarat,165
719,07-04-2020,India,Haryana,90
720,07-04-2020,India,Himachal Pradesh,13
721,07-04-2020,India,Jammu and Kashmir,116
722,07-04-2020,India,Jharkhand,4
723,07-04-2020,India,Karnataka,175
724,07-04-2020,India,Kerala,327
725,07-04-2020,India,Ladakh,14
726,07-04-2020,India,Madhya Pradesh,229
727,07-04-2020,India,Maharashtra,868
728,07-04-2020,India,Manipur,2
729,07-04-2020,India,Mizoram,1
730,07-04-2020,India,Odisha,42
731,07-04-2020,India,Puducherry,5
732,07-04-2020,India,Punjab,91
733,07-04-2020,India,Rajasthan,288
734,07-04-2020,India,Tamil Nadu,621
735,07-04-2020,India,Telengana,364
736,07-04-2020,India,Tripura,1
737,07-04-2020,India,Uttarakhand,31
738,07-04-2020,India,Uttar Pradesh,305
739,07-04-2020,India,West Bengal,91
740,08-04-2020,India,Andhra Pradesh,305
741,08-04-2020,India,Andaman and Nicobar Islands,10
742,08-04-2020,India,Arunachal Pradesh,1
743,08-04-2020,India,Assam,27
744,08-04-2020,India,Bihar,38
745,08-04-2020,India,Chandigarh,18
746,08-04-2020,India,Chhattisgarh,10
747,08-04-2020,India,Delhi,576
748,08-04-2020,India,Goa,7
749,08-04-2020,India,Gujarat,165
750,08-04-2020,India,Haryana,147
751,08-04-2020,India,Himachal Pradesh,18
752,08-04-2020,India,Jammu and Kashmir,116
753,08-04-2020,India,Jharkhand,4
754,08-04-2020,India,Karnataka,175
755,08-04-2020,India,Kerala,336
756,08-04-2020,India,Ladakh,14
757,08-04-2020,India,Madhya Pradesh,229
758,08-04-2020,India,Maharashtra,1018
759,08-04-2020,India,Manipur,2
760,08-04-2020,India,Mizoram,1
761,08-04-2020,India,Odisha,42
762,08-04-2020,India,Puducherry,5
763,08-04-2020,India,Punjab,91
764,08-04-2020,India,Rajasthan,328
765,08-04-2020,India,Tamil Nadu,690
766,08-04-2020,India,Telengana,427
767,08-04-2020,India,Tripura,1
768,08-04-2020,India,Uttarakhand,31
769,08-04-2020,India,Uttar Pradesh,343
770,08-04-2020,India,West Bengal,99
771,09-04-2020,India,Andhra Pradesh,348
772,09-04-2020,India,Andaman and Nicobar Islands,11
773,09-04-2020,India,Arunachal Pradesh,1
774,09-04-2020,India,Assam,28
775,09-04-2020,India,Bihar,39
776,09-04-2020,India,Chandigarh,18
777,09-04-2020,India,Chhattisgarh,10
778,09-04-2020,India,Delhi,669
779,09-04-2020,India,Goa,7
780,09-04-2020,India,Gujarat,179
781,09-04-2020,India,Haryana,169
782,09-04-2020,India,Himachal Pradesh,18
783,09-04-2020,India,Jammu and Kashmir,158
784,09-04-2020,India,Jharkhand,13
785,09-04-2020,India,Karnataka,181
786,09-04-2020,India,Kerala,345
787,09-04-2020,India,Ladakh,14
788,09-04-2020,India,Madhya Pradesh,259
789,09-04-2020,India,Maharashtra,1135
790,09-04-2020,India,Manipur,2
791,09-04-2020,India,Mizoram,1
792,09-04-2020,India,Odisha,42
793,09-04-2020,India,Puducherry,5
794,09-04-2020,India,Punjab,101
795,09-04-2020,India,Rajasthan,383
796,09-04-2020,India,Tamil Nadu,738
797,09-04-2020,India,Telengana,442
798,09-04-2020,India,Tripura,1
799,09-04-2020,India,Uttarakhand,35
800,09-04-2020,India,Uttar Pradesh,410
801,09-04-2020,India,West Bengal,103
802,10-04-2020,India,Andhra Pradesh,363
803,10-04-2020,India,Andaman and Nicobar Islands,11
804,10-04-2020,India,Arunachal Pradesh,1
805,10-04-2020,India,Assam,29
806,10-04-2020,India,Bihar,60
807,10-04-2020,India,Chandigarh,18
808,10-04-2020,India,Chhattisgarh,10
809,10-04-2020,India,Delhi,898
810,10-04-2020,India,Goa,7
811,10-04-2020,India,Gujarat,241
812,10-04-2020,India,Haryana,169
813,10-04-2020,India,Himachal Pradesh,28
814,10-04-2020,India,Jammu and Kashmir,184
815,10-04-2020,India,Jharkhand,13
816,10-04-2020,India,Karnataka,197
817,10-04-2020,India,Kerala,357
818,10-04-2020,India,Ladakh,15
819,10-04-2020,India,Madhya Pradesh,259
820,10-04-2020,India,Maharashtra,1364
821,10-04-2020,India,Manipur,2
822,10-04-2020,India,Mizoram,1
823,10-04-2020,India,Odisha,44
824,10-04-2020,India,Puducherry,5
825,10-04-2020,India,Punjab,132
826,10-04-2020,India,Rajasthan,463
827,10-04-2020,India,Tamil Nadu,834
828,10-04-2020,India,Telengana,473
829,10-04-2020,India,Tripura,1
830,10-04-2020,India,Uttarakhand,35
831,10-04-2020,India,Uttar Pradesh,431
832,10-04-2020,India,West Bengal,116
833,11-04-2020,India,Andhra Pradesh,381
834,11-04-2020,India,Andaman and Nicobar Islands,11
835,11-04-2020,India,Arunachal Pradesh,1
836,11-04-2020,India,Assam,29
837,11-04-2020,India,Bihar,60
838,11-04-2020,India,Chandigarh,18
839,11-04-2020,India,Chhattisgarh,18
840,11-04-2020,India,Delhi,903
841,11-04-2020,India,Goa,7
842,11-04-2020,India,Gujarat,308
843,11-04-2020,India,Haryana,177
844,11-04-2020,India,Himachal Pradesh,28
845,11-04-2020,India,Jammu and Kashmir,207
846,11-04-2020,India,Jharkhand,17
847,11-04-2020,India,Karnataka,214
848,11-04-2020,India,Kerala,364
849,11-04-2020,India,Ladakh,15
850,11-04-2020,India,Madhya Pradesh,443
851,11-04-2020,India,Maharashtra,1574
852,11-04-2020,India,Manipur,2
853,11-04-2020,India,Mizoram,1
854,11-04-2020,India,Odisha,48
855,11-04-2020,India,Puducherry,7
856,11-04-2020,India,Punjab,132
857,11-04-2020,India,Rajasthan,553
858,11-04-2020,India,Tamil Nadu,911
859,11-04-2020,India,Telengana,504
860,11-04-2020,India,Tripura,2
861,11-04-2020,India,Uttarakhand,35
862,11-04-2020,India,Uttar Pradesh,433
863,11-04-2020,India,West Bengal,126
864,12-04-2020,India,Andhra Pradesh,381
865,12-04-2020,India,Andaman and Nicobar Islands,11
866,12-04-2020,India,Arunachal Pradesh,1
867,12-04-2020,India,Assam,29
868,12-04-2020,India,Bihar,64
869,12-04-2020,India,Chandigarh,19
870,12-04-2020,India,Chhattisgarh,25
871,12-04-2020,India,Delhi,1069
872,12-04-2020,India,Goa,7
873,12-04-2020,India,Gujarat,432
874,12-04-2020,India,Haryana,185
875,12-04-2020,India,Himachal Pradesh,32
876,12-04-2020,India,Jammu and Kashmir,224
877,12-04-2020,India,Jharkhand,17
878,12-04-2020,India,Karnataka,226
879,12-04-2020,India,Kerala,374
880,12-04-2020,India,Ladakh,15
881,12-04-2020,India,Madhya Pradesh,564
882,12-04-2020,India,Maharashtra,1761
883,12-04-2020,India,Manipur,2
884,12-04-2020,India,Mizoram,1
885,12-04-2020,India,Odisha,54
886,12-04-2020,India,Puducherry,7
887,12-04-2020,India,Punjab,151
888,12-04-2020,India,Rajasthan,700
889,12-04-2020,India,Tamil Nadu,969
890,12-04-2020,India,Telengana,504
891,12-04-2020,India,Tripura,2
892,12-04-2020,India,Uttarakhand,35
893,12-04-2020,India,Uttar Pradesh,452
894,12-04-2020,India,West Bengal,134
895,13-04-2020,India,Andhra Pradesh,432
896,13-04-2020,India,Andaman and Nicobar Islands,11
897,13-04-2020,India,Arunachal Pradesh,1
898,13-04-2020,India,Assam,31
899,13-04-2020,India,Bihar,64
900,13-04-2020,India,Chandigarh,21
901,13-04-2020,India,Chhattisgarh,31
902,13-04-2020,India,Delhi,1154
903,13-04-2020,India,Goa,7
904,13-04-2020,India,Gujarat,539
905,13-04-2020,India,Haryana,185
906,13-04-2020,India,Himachal Pradesh,32
907,13-04-2020,India,Jammu and Kashmir,245
908,13-04-2020,India,Jharkhand,19
909,13-04-2020,India,Karnataka,247
910,13-04-2020,India,Kerala,376
911,13-04-2020,India,Ladakh,15
912,13-04-2020,India,Madhya Pradesh,604
913,13-04-2020,India,Maharashtra,1985
914,13-04-2020,India,Manipur,2
915,13-04-2020,India,Mizoram,1
916,13-04-2020,India,Nagaland,1
917,13-04-2020,India,Odisha,54
918,13-04-2020,India,Puducherry,7
919,13-04-2020,India,Punjab,167
920,13-04-2020,India,Rajasthan,812
921,13-04-2020,India,Tamil Nadu,1075
922,13-04-2020,India,Telengana,562
923,13-04-2020,India,Tripura,2
924,13-04-2020,India,Uttarakhand,35
925,13-04-2020,India,Uttar Pradesh,483
926,13-04-2020,India,West Bengal,152
927,14-04-2020,India,Andhra Pradesh,473
928,14-04-2020,India,Andaman and Nicobar Islands,11
929,14-04-2020,India,Arunachal Pradesh,1
930,14-04-2020,India,Assam,31
931,14-04-2020,India,Bihar,66
932,14-04-2020,India,Chandigarh,21
933,14-04-2020,India,Chhattisgarh,31
934,14-04-2020,India,Delhi,1510
935,14-04-2020,India,Goa,7
936,14-04-2020,India,Gujarat,617
937,14-04-2020,India,Haryana,199
938,14-04-2020,India,Himachal Pradesh,32
939,14-04-2020,India,Jammu and Kashmir,270
940,14-04-2020,India,Jharkhand,24
941,14-04-2020,India,Karnataka,258
942,14-04-2020,India,Kerala,379
943,14-04-2020,India,Ladakh,15
944,14-04-2020,India,Madhya Pradesh,730
945,14-04-2020,India,Maharashtra,2337
946,14-04-2020,India,Manipur,2
947,14-04-2020,India,Meghalaya,1
948,14-04-2020,India,Mizoram,1
949,14-04-2020,India,Nagaland,1
950,14-04-2020,India,Odisha,55
951,14-04-2020,India,Puducherry,7
952,14-04-2020,India,Punjab,176
953,14-04-2020,India,Rajasthan,879
954,14-04-2020,India,Tamil Nadu,1173
955,14-04-2020,India,Telengana,624
956,14-04-2020,India,Tripura,2
957,14-04-2020,India,Uttarakhand,35
958,14-04-2020,India,Uttar Pradesh,657
959,14-04-2020,India,West Bengal,190
960,15-04-2020,India,Andaman and Nicobar Islands,11
961,15-04-2020,India,Andhra Pradesh,503
962,15-04-2020,India,Arunachal Pradesh,1
963,15-04-2020,India,Assam,33
964,15-04-2020,India,Bihar,70
965,15-04-2020,India,Chandigarh,21
966,15-04-2020,India,Chhattisgarh,33
967,15-04-2020,India,Delhi,1561
968,15-04-2020,India,Goa,7
969,15-04-2020,India,Gujarat,695
970,15-04-2020,India,Haryana,199
971,15-04-2020,India,Himachal Pradesh,33
972,15-04-2020,India,Jammu and Kashmir,278
973,15-04-2020,India,Jharkhand,27
974,15-04-2020,India,Karnataka,277
975,15-04-2020,India,Kerala,387
976,15-04-2020,India,Ladakh,17
977,15-04-2020,India,Madhya Pradesh,987
978,15-04-2020,India,Maharashtra,2687
979,15-04-2020,India,Manipur,2
980,15-04-2020,India,Meghalaya,7
981,15-04-2020,India,Mizoram,1
982,15-04-2020,India,Nagaland#,0
983,15-04-2020,India,Odisha,60
984,15-04-2020,India,Puducherry,7
985,15-04-2020,India,Punjab,186
986,15-04-2020,India,Rajasthan,1005
987,15-04-2020,India,Tamil Nadu,1204
988,15-04-2020,India,Telengana,647
989,15-04-2020,India,Tripura,2
990,15-04-2020,India,Uttarakhand,37
991,15-04-2020,India,Uttar Pradesh,735
992,15-04-2020,India,West Bengal,213
993,16-04-2020,India,Andaman and Nicobar Islands,11
994,16-04-2020,India,Andhra Pradesh,534
995,16-04-2020,India,Arunachal Pradesh,1
996,16-04-2020,India,Assam,33
997,16-04-2020,India,Bihar,74
998,16-04-2020,India,Chandigarh,21
999,16-04-2020,India,Chhattisgarh,33
1000,16-04-2020,India,Delhi,1578
1001,16-04-2020,India,Goa,7
1002,16-04-2020,India,Gujarat,871
1003,16-04-2020,India,Haryana,205
1004,16-04-2020,India,Himachal Pradesh,35
1005,16-04-2020,India,Jammu and Kashmir,300
1006,16-04-2020,India,Jharkhand,28
1007,16-04-2020,India,Karnataka,315
1008,16-04-2020,India,Kerala,388
1009,16-04-2020,India,Ladakh,17
1010,16-04-2020,India,Madhya Pradesh,1120
1011,16-04-2020,India,Maharashtra,2919
1012,16-04-2020,India,Manipur,2
1013,16-04-2020,India,Meghalaya,7
1014,16-04-2020,India,Mizoram,1
1015,16-04-2020,India,Nagaland#,0
1016,16-04-2020,India,Odisha,60
1017,16-04-2020,India,Puducherry,7
1018,16-04-2020,India,Punjab,186
1019,16-04-2020,India,Rajasthan,1023
1020,16-04-2020,India,Tamil Nadu,1242
1021,16-04-2020,India,Telengana,698
1022,16-04-2020,India,Tripura,2
1023,16-04-2020,India,Uttarakhand,37
1024,16-04-2020,India,Uttar Pradesh,773
1025,16-04-2020,India,West Bengal,231
1026,17-04-2020,India,Andaman and Nicobar Islands,11
1027,17-04-2020,India,Andhra Pradesh,572
1028,17-04-2020,India,Arunachal Pradesh,1
1029,17-04-2020,India,Assam,35
1030,17-04-2020,India,Bihar,83
1031,17-04-2020,India,Chandigarh,21
1032,17-04-2020,India,Chhattisgarh,36
1033,17-04-2020,India,Delhi,1640
1034,17-04-2020,India,Goa,7
1035,17-04-2020,India,Gujarat,1021
1036,17-04-2020,India,Haryana,205
1037,17-04-2020,India,Himachal Pradesh,35
1038,17-04-2020,India,Jammu and Kashmir,314
1039,17-04-2020,India,Jharkhand,29
1040,17-04-2020,India,Karnataka,353
1041,17-04-2020,India,Kerala,395
1042,17-04-2020,India,Ladakh,18
1043,17-04-2020,India,Madhya Pradesh,1308
1044,17-04-2020,India,Maharashtra,3205
1045,17-04-2020,India,Manipur,2
1046,17-04-2020,India,Meghalaya,9
1047,17-04-2020,India,Mizoram,1
1048,17-04-2020,India,Nagaland#,0
1049,17-04-2020,India,Odisha,60
1050,17-04-2020,India,Puducherry,7
1051,17-04-2020,India,Punjab,186
1052,17-04-2020,India,Rajasthan,1131
1053,17-04-2020,India,Tamil Nadu,1267
1054,17-04-2020,India,Telengana,743
1055,17-04-2020,India,Tripura,2
1056,17-04-2020,India,Uttarakhand,37
1057,17-04-2020,India,Uttar Pradesh,846
1058,17-04-2020,India,West Bengal,255
1059,18-04-2020,India,Andaman and Nicobar Islands,12
1060,18-04-2020,India,Andhra Pradesh,603
1061,18-04-2020,India,Arunachal Pradesh,1
1062,18-04-2020,India,Assam,35
1063,18-04-2020,India,Bihar,85
1064,18-04-2020,India,Chandigarh,21
1065,18-04-2020,India,Chhattisgarh,36
1066,18-04-2020,India,Delhi,1707
1067,18-04-2020,India,Goa,7
1068,18-04-2020,India,Gujarat,1272
1069,18-04-2020,India,Haryana,225
1070,18-04-2020,India,Himachal Pradesh,38
1071,18-04-2020,India,Jammu and Kashmir,328
1072,18-04-2020,India,Jharkhand,33
1073,18-04-2020,India,Karnataka,371
1074,18-04-2020,India,Kerala,396
1075,18-04-2020,India,Ladakh,18
1076,18-04-2020,India,Madhya Pradesh,1355
1077,18-04-2020,India,Maharashtra,3323
1078,18-04-2020,India,Manipur,2
1079,18-04-2020,India,Meghalaya,11
1080,18-04-2020,India,Mizoram,1
1081,18-04-2020,India,Nagaland#,0
1082,18-04-2020,India,Odisha,60
1083,18-04-2020,India,Puducherry,7
1084,18-04-2020,India,Punjab,202
1085,18-04-2020,India,Rajasthan,1229
1086,18-04-2020,India,Tamil Nadu,1323
1087,18-04-2020,India,Telengana,791
1088,18-04-2020,India,Tripura,2
1089,18-04-2020,India,Uttarakhand,42
1090,18-04-2020,India,Uttar Pradesh,969
1091,18-04-2020,India,West Bengal,287
1092,19-04-2020,India,Andaman and Nicobar Islands,14
1093,19-04-2020,India,Andhra Pradesh,603
1094,19-04-2020,India,Arunachal Pradesh,1
1095,19-04-2020,India,Assam,35
1096,19-04-2020,India,Bihar,86
1097,19-04-2020,India,Chandigarh,23
1098,19-04-2020,India,Chhattisgarh,36
1099,19-04-2020,India,Delhi,1893
1100,19-04-2020,India,Goa,7
1101,19-04-2020,India,Gujarat,1604
1102,19-04-2020,India,Haryana,233
1103,19-04-2020,India,Himachal Pradesh,39
1104,19-04-2020,India,Jammu and Kashmir,341
1105,19-04-2020,India,Jharkhand,35
1106,19-04-2020,India,Karnataka,384
1107,19-04-2020,India,Kerala,400
1108,19-04-2020,India,Ladakh,18
1109,19-04-2020,India,Madhya Pradesh,1407
1110,19-04-2020,India,Maharashtra,3651
1111,19-04-2020,India,Manipur,2
1112,19-04-2020,India,Meghalaya,11
1113,19-04-2020,India,Mizoram,1
1114,19-04-2020,India,Nagaland#,0
1115,19-04-2020,India,Odisha,61
1116,19-04-2020,India,Puducherry,7
1117,19-04-2020,India,Punjab,219
1118,19-04-2020,India,Rajasthan,1351
1119,19-04-2020,India,Tamil Nadu,1372
1120,19-04-2020,India,Telengana,844
1121,19-04-2020,India,Tripura,2
1122,19-04-2020,India,Uttarakhand,42
1123,19-04-2020,India,Uttar Pradesh,1084
1124,19-04-2020,India,West Bengal,310
1125,20-04-2020,India,Andaman and Nicobar Islands,15
1126,20-04-2020,India,Andhra Pradesh,722
1127,20-04-2020,India,Arunachal Pradesh,1
1128,20-04-2020,India,Assam,35
1129,20-04-2020,India,Bihar,96
1130,20-04-2020,India,Chandigarh,26
1131,20-04-2020,India,Chhattisgarh,36
1132,20-04-2020,India,Delhi,2003
1133,20-04-2020,India,Goa,7
1134,20-04-2020,India,Gujarat,1851
1135,20-04-2020,India,Haryana,233
1136,20-04-2020,India,Himachal Pradesh,39
1137,20-04-2020,India,Jammu and Kashmir,350
1138,20-04-2020,India,Jharkhand,42
1139,20-04-2020,India,Karnataka,395
1140,20-04-2020,India,Kerala,402
1141,20-04-2020,India,Ladakh,18
1142,20-04-2020,India,Madhya Pradesh,1485
1143,20-04-2020,India,Maharashtra,4203
1144,20-04-2020,India,Manipur,2
1145,20-04-2020,India,Meghalaya,11
1146,20-04-2020,India,Mizoram,1
1147,20-04-2020,India,Nagaland,0
1148,20-04-2020,India,Odisha,68
1149,20-04-2020,India,Puducherry,7
1150,20-04-2020,India,Punjab,219
1151,20-04-2020,India,Rajasthan,1478
1152,20-04-2020,India,Tamil Nadu,1477
1153,20-04-2020,India,Telengana,873
1154,20-04-2020,India,Tripura,2
1155,20-04-2020,India,Uttarakhand,44
1156,20-04-2020,India,Uttar Pradesh,1176
1157,20-04-2020,India,West Bengal,339
1158,21-04-2020,India,Andaman and Nicobar Islands,16
1159,21-04-2020,India,Andhra Pradesh,757
1160,21-04-2020,India,Arunachal Pradesh,1
1161,21-04-2020,India,Assam,35
1162,21-04-2020,India,Bihar,114
1163,21-04-2020,India,Chandigarh,26
1164,21-04-2020,India,Chhattisgarh,36
1165,21-04-2020,India,Delhi,2081
1166,21-04-2020,India,Goa,7
1167,21-04-2020,India,Gujarat,2066
1168,21-04-2020,India,Haryana,254
1169,21-04-2020,India,Himachal Pradesh,39
1170,21-04-2020,India,Jammu and Kashmir,368
1171,21-04-2020,India,Jharkhand,46
1172,21-04-2020,India,Karnataka,415
1173,21-04-2020,India,Kerala,408
1174,21-04-2020,India,Ladakh,18
1175,21-04-2020,India,Madhya Pradesh,1540
1176,21-04-2020,India,Maharashtra,4669
1177,21-04-2020,India,Manipur,2
1178,21-04-2020,India,Meghalaya,11
1179,21-04-2020,India,Mizoram,1
1180,21-04-2020,India,Nagaland,0
1181,21-04-2020,India,Odisha,74
1182,21-04-2020,India,Puducherry,7
1183,21-04-2020,India,Punjab,245
1184,21-04-2020,India,Rajasthan,1576
1185,21-04-2020,India,Tamil Nadu,1520
1186,21-04-2020,India,Telengana,919
1187,21-04-2020,India,Tripura,2
1188,21-04-2020,India,Uttarakhand,46
1189,21-04-2020,India,Uttar Pradesh,1294
1190,21-04-2020,India,West Bengal,392
1191,22-04-2020,India,Andaman and Nicobar Islands,17
1192,22-04-2020,India,Andhra Pradesh,813
1193,22-04-2020,India,Arunachal Pradesh,1
1194,22-04-2020,India,Assam,35
1195,22-04-2020,India,Bihar,126
1196,22-04-2020,India,Chandigarh,27
1197,22-04-2020,India,Chhattisgarh,36
1198,22-04-2020,India,Delhi,2156
1199,22-04-2020,India,Goa,7
1200,22-04-2020,India,Gujarat,2272
1201,22-04-2020,India,Haryana,254
1202,22-04-2020,India,Himachal Pradesh,39
1203,22-04-2020,India,Jammu and Kashmir,380
1204,22-04-2020,India,Jharkhand#,45
1205,22-04-2020,India,Karnataka,425
1206,22-04-2020,India,Kerala,427
1207,22-04-2020,India,Ladakh,18
1208,22-04-2020,India,Madhya Pradesh,1592
1209,22-04-2020,India,Maharashtra,5221
1210,22-04-2020,India,Manipur,2
1211,22-04-2020,India,Meghalaya,12
1212,22-04-2020,India,Mizoram,1
1213,22-04-2020,India,Odisha,82
1214,22-04-2020,India,Puducherry,7
1215,22-04-2020,India,Punjab,251
1216,22-04-2020,India,Rajasthan,1801
1217,22-04-2020,India,Tamil Nadu,1596
1218,22-04-2020,India,Telengana,945
1219,22-04-2020,India,Tripura,2
1220,22-04-2020,India,Uttarakhand,46
1221,22-04-2020,India,Uttar Pradesh,1412
1222,22-04-2020,India,West Bengal,423
1223,23-04-2020,India,Andaman and Nicobar Islands,18
1224,23-04-2020,India,Andhra Pradesh,895
1225,23-04-2020,India,Arunachal Pradesh,1
1226,23-04-2020,India,Assam,35
1227,23-04-2020,India,Bihar,148
1228,23-04-2020,India,Chandigarh,27
1229,23-04-2020,India,Chhattisgarh,36
1230,23-04-2020,India,Delhi,2248
1231,23-04-2020,India,Goa,7
1232,23-04-2020,India,Gujarat,2407
1233,23-04-2020,India,Haryana,262
1234,23-04-2020,India,Himachal Pradesh,40
1235,23-04-2020,India,Jammu and Kashmir,407
1236,23-04-2020,India,Jharkhand,49
1237,23-04-2020,India,Karnataka,443
1238,23-04-2020,India,Kerala,438
1239,23-04-2020,India,Ladakh,18
1240,23-04-2020,India,Madhya Pradesh,1695
1241,23-04-2020,India,Maharashtra,5652
1242,23-04-2020,India,Manipur,2
1243,23-04-2020,India,Meghalaya,12
1244,23-04-2020,India,Mizoram,1
1245,23-04-2020,India,Odisha,83
1246,23-04-2020,India,Puducherry,7
1247,23-04-2020,India,Punjab,277
1248,23-04-2020,India,Rajasthan,1890
1249,23-04-2020,India,Tamil Nadu,1629
1250,23-04-2020,India,Telengana,960
1251,23-04-2020,India,Tripura,2
1252,23-04-2020,India,Uttarakhand,46
1253,23-04-2020,India,Uttar Pradesh,1509
1254,23-04-2020,India,West Bengal,456
1255,24-04-2020,India,Andaman and Nicobar Islands,22
1256,24-04-2020,India,Andhra Pradesh,955
1257,24-04-2020,India,Arunachal Pradesh,1
1258,24-04-2020,India,Assam,36
1259,24-04-2020,India,Bihar,176
1260,24-04-2020,India,Chandigarh,27
1261,24-04-2020,India,Chhattisgarh,36
1262,24-04-2020,India,Delhi,2376
1263,24-04-2020,India,Goa,7
1264,24-04-2020,India,Gujarat,2624
1265,24-04-2020,India,Haryana,272
1266,24-04-2020,India,Himachal Pradesh,40
1267,24-04-2020,India,Jammu and Kashmir,427
1268,24-04-2020,India,Jharkhand,55
1269,24-04-2020,India,Karnataka,463
1270,24-04-2020,India,Kerala,448
1271,24-04-2020,India,Ladakh,18
1272,24-04-2020,India,Madhya Pradesh,1852
1273,24-04-2020,India,Maharashtra,6430
1274,24-04-2020,India,Manipur,2
1275,24-04-2020,India,Meghalaya,12
1276,24-04-2020,India,Mizoram,1
1277,24-04-2020,India,Odisha,90
1278,24-04-2020,India,Puducherry,7
1279,24-04-2020,India,Punjab,277
1280,24-04-2020,India,Rajasthan,1964
1281,24-04-2020,India,Tamil Nadu,1683
1282,24-04-2020,India,Telengana,984
1283,24-04-2020,India,Tripura,2
1284,24-04-2020,India,Uttarakhand,47
1285,24-04-2020,India,Uttar Pradesh,1604
1286,24-04-2020,India,West Bengal,514
1287,25-04-2020,India,Andaman and Nicobar Islands,27
1288,25-04-2020,India,Andhra Pradesh,1061
1289,25-04-2020,India,Arunachal Pradesh,1
1290,25-04-2020,India,Assam,36
1291,25-04-2020,India,Bihar,228
1292,25-04-2020,India,Chandigarh,28
1293,25-04-2020,India,Chhattisgarh,36
1294,25-04-2020,India,Delhi,2514
1295,25-04-2020,India,Goa,7
1296,25-04-2020,India,Gujarat,2815
1297,25-04-2020,India,Haryana,272
1298,25-04-2020,India,Himachal Pradesh,40
1299,25-04-2020,India,Jammu and Kashmir,454
1300,25-04-2020,India,Jharkhand,59
1301,25-04-2020,India,Karnataka,489
1302,25-04-2020,India,Kerala,451
1303,25-04-2020,India,Ladakh,20
1304,25-04-2020,India,Madhya Pradesh,1952
1305,25-04-2020,India,Maharashtra,6817
1306,25-04-2020,India,Manipur,2
1307,25-04-2020,India,Meghalaya,12
1308,25-04-2020,India,Mizoram,1
1309,25-04-2020,India,Odisha,94
1310,25-04-2020,India,Puducherry,7
1311,25-04-2020,India,Punjab,298
1312,25-04-2020,India,Rajasthan,2034
1313,25-04-2020,India,Tamil Nadu,1755
1314,25-04-2020,India,Telengana,984
1315,25-04-2020,India,Tripura,2
1316,25-04-2020,India,Uttarakhand,48
1317,25-04-2020,India,Uttar Pradesh,1778
1318,25-04-2020,India,West Bengal,571
1319,26-04-2020,India,Andaman and Nicobar Islands,33
1320,26-04-2020,India,Andhra Pradesh,1097
1321,26-04-2020,India,Arunachal Pradesh,1
1322,26-04-2020,India,Assam,36
1323,26-04-2020,India,Bihar,251
1324,26-04-2020,India,Chandigarh,30
1325,26-04-2020,India,Chhattisgarh,37
1326,26-04-2020,India,Delhi,2625
1327,26-04-2020,India,Goa,7
1328,26-04-2020,India,Gujarat,3071
1329,26-04-2020,India,Haryana,289
1330,26-04-2020,India,Himachal Pradesh,40
1331,26-04-2020,India,Jammu and Kashmir,494
1332,26-04-2020,India,Jharkhand,67
1333,26-04-2020,India,Karnataka,501
1334,26-04-2020,India,Kerala,458
1335,26-04-2020,India,Ladakh,20
1336,26-04-2020,India,Madhya Pradesh,2096
1337,26-04-2020,India,Maharashtra,7628
1338,26-04-2020,India,Manipur,2
1339,26-04-2020,India,Meghalaya,12
1340,26-04-2020,India,Mizoram,1
1341,26-04-2020,India,Odisha,103
1342,26-04-2020,India,Puducherry,7
1343,26-04-2020,India,Punjab,298
1344,26-04-2020,India,Rajasthan,2083
1345,26-04-2020,India,Tamil Nadu,1821
1346,26-04-2020,India,Telengana,991
1347,26-04-2020,India,Tripura,2
1348,26-04-2020,India,Uttarakhand,50
1349,26-04-2020,India,Uttar Pradesh,1843
1350,26-04-2020,India,West Bengal,611
1351,27-04-2020,India,Andaman and Nicobar Islands,33
1352,27-04-2020,India,Andhra Pradesh,1177
1353,27-04-2020,India,Arunachal Pradesh,1
1354,27-04-2020,India,Assam,36
1355,27-04-2020,India,Bihar,277
1356,27-04-2020,India,Chandigarh,30
1357,27-04-2020,India,Chhattisgarh,37
1358,27-04-2020,India,Delhi,2918
1359,27-04-2020,India,Goa,7
1360,27-04-2020,India,Gujarat,3301
1361,27-04-2020,India,Haryana,289
1362,27-04-2020,India,Himachal Pradesh,40
1363,27-04-2020,India,Jammu and Kashmir,523
1364,27-04-2020,India,Jharkhand,82
1365,27-04-2020,India,Karnataka,511
1366,27-04-2020,India,Kerala,469
1367,27-04-2020,India,Ladakh,20
1368,27-04-2020,India,Madhya Pradesh,2168
1369,27-04-2020,India,Maharashtra,8068
1370,27-04-2020,India,Manipur,2
1371,27-04-2020,India,Meghalaya,12
1372,27-04-2020,India,Mizoram,1
1373,27-04-2020,India,Odisha,108
1374,27-04-2020,India,Puducherry,8
1375,27-04-2020,India,Punjab,313
1376,27-04-2020,India,Rajasthan,2185
1377,27-04-2020,India,Tamil Nadu,1885
1378,27-04-2020,India,Telengana,1002
1379,27-04-2020,India,Tripura,2
1380,27-04-2020,India,Uttarakhand,51
1381,27-04-2020,India,Uttar Pradesh,1955
1382,27-04-2020,India,West Bengal,649
